{
  "simple_sugars": [
    0.0,
    0.0,
    2.189784630623399,
    0.921948745555463,
    2.984404451378124,
    0.3660999290019546,
    3.6618442791413592,
    0.0
  ],
  "complex_sugars": [
    0.0,
    0.0,
    6.559644800670164,
    0.4170682281334631,
    3.8572136776731334,
    0.23569781154666064,
    2.9106865978911847,
    0.0
  ],
  "proteins": [
    0.0,
    0.0,
    0.8321636674951323,
    0.7075066547829447,
    7.264208026131796,
    0.9660052909289211,
    5.443996896139166,
    0.0
  ],
  "fats": [
    0.0,
    0.0,
    7.383675082966388,
    0.11974827454437066,
    4.483244356711628,
    0.6150236804053794,
    4.964408448251742,
    0.0
  ],
  "dietary_fibers": [
    0.0,
    0.0,
    4.315508036456023,
    0.09502182476189965,
    0.8642881134846108,
    0.2474224524265507,
    1.1565409637113166,
    0.0
  ],
  "insulin": [
    0.0,
    0.0,
    0.9926287985054371,
    0.5326915905372693,
    1.5324146181563063,
    0.9063486131309424,
    1.9407165011631309,
    0.0
  ]
}