{
  "simple_sugars": [
    0.0,
    0.0,
    2.7806943340433046,
    0.6260744887518583,
    0.22244894783762437,
    0.3308506725137489,
    2.6178149329836518,
    0.0
  ],
  "complex_sugars": [
    0.0,
    0.0,
    4.203177873918646,
    0.6967457913975696,
    4.5148901557825445,
    0.7982065814224802,
    3.1265625063446345,
    0.0
  ],
  "proteins": [
    0.0,
    0.0,
    7.815913043256624,
    0.9994204560391886,
    7.974547118101099,
    0.02487314470610144,
    7.70424595933325,
    0.0
  ],
  "fats": [
    0.0,
    0.0,
    4.663279195212872,
    0.7928922832144172,
    5.277933604979054,
    0.4701187528476323,
    4.465442708207441,
    0.0
  ],
  "dietary_fibers": [
    0.0,
    0.0,
    6.25528949061971,
    0.38588104969503284,
    3.0505022773013897,
    0.053095499700673565,
    7.63771772068597,
    0.0
  ],
  "insulin": [
    0.0,
    0.0,
    3.1733454434515784,
    0.0655195395747148,
    1.530492047848266,
    0.6746598643684143,
    0.021030138377435392,
    0.0
  ]
}