{
  "simple_sugars": [
    0.0,
    0.0,
    3.5532306629557904,
    0.024489969654607202,
    0.41164803489305113,
    0.6123965482959086,
    2.622987338473583,
    0.0
  ],
  "complex_sugars": [
    0.0,
    0.0,
    3.525576276660943,
    0.9842885767792613,
    4.713272080881444,
    0.0042770817573257736,
    0.9588694871819279,
    0.0
  ],
  "proteins": [
    0.0,
    0.0,
    0.016371463659224483,
    0.5874708389553548,
    2.5546726273798086,
    0.012027784022809615,
    2.994432546864074,
    0.0
  ],
  "fats": [
    0.0,
    0.0,
    7.698866513567153,
    0.05020740994999805,
    5.214818576012466,
    0.48630020173553784,
    3.9191273725068463,
    0.0
  ],
  "dietary_fibers": [
    0.0,
    0.0,
    5.509682669492285,
    0.9948723454175883,
    6.2131389003439885,
    0.31785724327805154,
    6.06905516004113,
    0.0
  ],
  "insulin": [
    0.0,
    0.0,
    2.8004097431604067,
    0.24680175206071442,
    1.7865874903581436,
    0.29397726394204526,
    3.998375668427193,
    0.0
  ]
}