{
  "simple_sugars": [
    0.0,
    0.0,
    3.6783243723987207,
    0.2771552012514992,
    3.25299448609595,
    0.6774783055667487,
    3.9926238696846905,
    0.0
  ],
  "complex_sugars": [
    0.0,
    0.0,
    0.03809097908588632,
    0.04246990476748527,
    1.5763140309393173,
    0.9965844062473,
    1.7690041162290968,
    0.0
  ],
  "proteins": [
    0.0,
    0.0,
    7.992840233896651,
    0.986148903472033,
    7.914526020511621,
    0.4319017611429711,
    6.070920621304143,
    0.0
  ],
  "fats": [
    0.0,
    0.0,
    4.394274664116402,
    0.32969928819199934,
    0.1538471942207888,
    0.38765205218552135,
    3.7912065352709625,
    0.0
  ],
  "dietary_fibers": [
    0.0,
    0.0,
    4.883551067012871,
    0.6181021909469698,
    0.2775240166487505,
    0.3768695935654446,
    6.3358096711644,
    0.0
  ],
  "insulin": [
    0.0,
    0.0,
    1.298163687848728,
    0.37070269552975077,
    1.8924313146462777,
    0.3353239755587641,
    0.022964646681851497,
    0.0
  ]
}