{
  "simple_sugars": [
    0.0,
    0.0,
    0.9096663267770455,
    0.8368601980799303,
    1.7537420578957534,
    0.5190492461192022,
    1.1773042922131953,
    0.0
  ],
  "complex_sugars": [
    0.0,
    0.0,
    5.522089497807476,
    0.7041102125208811,
    4.1792971141422965,
    0.32231585379779887,
    6.347328075632131,
    0.0
  ],
  "proteins": [
    0.0,
    0.0,
    5.059526200409658,
    0.5952119083016385,
    5.399946242854331,
    0.7916575570647552,
    6.371708509760428,
    0.0
  ],
  "fats": [
    0.0,
    0.0,
    2.4537924190934604,
    0.4714632906062248,
    4.254387361072787,
    0.560101251489773,
    6.715300974991115,
    0.0
  ],
  "dietary_fibers": [
    0.0,
    0.0,
    1.276669957320427,
    0.1745379194226971,
    1.3172322319159147,
    0.10885938032486497,
    4.595901932195011,
    0.0
  ],
  "insulin": [
    0.0,
    0.0,
    0.5136510825431972,
    0.9632111016103823,
    1.8108605368432178,
    0.9977047685190161,
    3.6156831842653387,
    0.0
  ]
}