{
  "simple_sugars": [
    0.0,
    0.0,
    3.4486529403649384,
    0.035296082230975544,
    1.8515418268500592,
    0.12220884839302165,
    3.344039978028388,
    0.0
  ],
  "complex_sugars": [
    0.0,
    0.0,
    4.729872426518297,
    0.9689852528568875,
    7.949400252059601,
    0.535749652395218,
    6.589795224775582,
    0.0
  ],
  "proteins": [
    0.0,
    0.0,
    3.003899514186602,
    0.482538879002244,
    6.507108781935961,
    0.02464045001982698,
    7.073297480390778,
    0.0
  ],
  "fats": [
    0.0,
    0.0,
    0.19992983420560256,
    0.41433448668787287,
    5.502712135506487,
    0.12381886026005508,
    0.5930778233523433,
    0.0
  ],
  "dietary_fibers": [
    0.0,
    0.0,
    6.448950394238588,
    0.11852480189524,
    2.3711804077257272,
    0.045344000687333436,
    3.9799846197272575,
    0.0
  ],
  "insulin": [
    0.0,
    0.0,
    1.4852041843407755,
    0.8039114234050566,
    0.22167155375654946,
    0.34361698800217244,
    2.072064810767576,
    0.0
  ]
}